<?xml version="1.0" encoding="UTF-8"?>
<project-private xmlns="http://www.netbeans.org/ns/project-private/1">
    <editor-bookmarks xmlns="http://www.netbeans.org/ns/editor-bookmarks/2" lastBookmarkId="0"/>
    <open-files xmlns="http://www.netbeans.org/ns/projectui-open-files/2">
        <group>
            <file>file:/C:/Users/irvin/OneDrive/Documentos/Bonovo/Bonovo/web/editarMercancia.jsp</file>
            <file>file:/C:/Users/irvin/OneDrive/Documentos/Bonovo/Bonovo/web/editar_pv.jsp</file>
            <file>file:/C:/Users/irvin/OneDrive/Documentos/Bonovo/Bonovo/web/puntoVenta.jsp</file>
            <file>file:/C:/Users/irvin/OneDrive/Documentos/Bonovo/Bonovo/web/editarProveedor.jsp</file>
            <file>file:/C:/Users/irvin/OneDrive/Documentos/Bonovo/Bonovo/web/editarNomina.jsp</file>
            <file>file:/C:/Users/irvin/OneDrive/Documentos/Bonovo/Bonovo/web/proveedores.jsp</file>
            <file>file:/C:/Users/irvin/OneDrive/Documentos/Bonovo/Bonovo/web/nomina.jsp</file>
        </group>
    </open-files>
</project-private>
